[
    {
        "id": 1,
        "nombre": "Campera de cuero",
        "precio": "$99.999",
        "image": "https://mlstaticquic-a.akamaihd.net/campera-en-cuero-kore-para-motociclista-estilo-retro-D_NQ_NP_760721-MLU32028875328_082019-F.jpg",
        "stock":10
    },
    {
        "id": 2,
        "nombre": "Camisa hawaiana",
        "precio": "$9.000",
        "image": "https://th.bing.com/th/id/OIP.jP8zWhpTCuBEFk1jPXT94QHaJ4?rs=1&pid=ImgDetMain",
        "stock":10
    }
    
]
